web-scraper-order,web-scraper-start-url,Linking,Linking-href
"1685315150-1","https://desa.pl/en/wyniki-aukcji-dziel-sztuki/?desa_department=&date_from=&year_from=2022&auction_kind=live","Young Polish Artists
                            
                            21 December 2022 7 PM CET
                                    
                                        Auction location: Warszawa, Piękna 1A street
                                    

                                        Auction code: 1242AMS155 
                                    

                                    
                                        Auction turnover :
                                        440,760 PLN","https://desa.pl/en/art-auctions-results/young-polish-artists-ae2i/"
"1685315150-2","https://desa.pl/en/wyniki-aukcji-dziel-sztuki/?desa_department=&date_from=&year_from=2022&auction_kind=live","Magical Art. Surrealism and Magic Realism
                            
                            20 December 2022 7 PM CET
                                    
                                        Auction location: Warszawa, Piękna 1A street
                                    

                                        Auction code: 1241ASW115
                                    

                                    
                                        Auction turnover :
                                        386,040 PLN","https://desa.pl/en/art-auctions-results/magical-art-surrealism-and-magic-realism-t2c8/"
"1685315150-4","https://desa.pl/en/wyniki-aukcji-dziel-sztuki/?desa_department=&date_from=&year_from=2022&auction_kind=live","Old Masters. 19th Century and Modern Art • 2nd Session
                            
                            15 December 2022 7 PM CET
                                    
                                        Auction location: Warszawa, Piękna 1A street
                                    

                                        Auction code: 1234ASD233
                                    

                                    
                                        Auction turnover :
                                        4,239,600 PLN","https://desa.pl/en/art-auctions-results/old-masters-19th-century-and-modern-art-2nd-session-mwed/"
"1685315150-5","https://desa.pl/en/wyniki-aukcji-dziel-sztuki/?desa_department=&date_from=&year_from=2022&auction_kind=live","Henryk Hayden. Transformations
                            
                            14 December 2022 7 PM CET
                                    
                                        Auction location: Warszawa, Piękna 1A street
                                    

                                        Auction code: 1233MON012
                                    

                                    
                                        Auction turnover :
                                        3,675,840 PLN","https://desa.pl/en/art-auctions-results/henryk-hayden/"
"1685315150-6","https://desa.pl/en/wyniki-aukcji-dziel-sztuki/?desa_department=&date_from=&year_from=2022&auction_kind=live","Jewellery. Masterpieces of Art of 19th and 20th Century
                            
                            13 December 2022 7 PM CET
                                    
                                        Auction location: Warszawa, Piękna 1A street
                                    

                                        Auction code: 1232ABD045
                                    

                                    
                                        Auction turnover :
                                        642,120 PLN","https://desa.pl/en/art-auctions-results/bizuteria/"
"1685315150-7","https://desa.pl/en/wyniki-aukcji-dziel-sztuki/?desa_department=&date_from=&year_from=2022&auction_kind=live","Old Masters, 19th Century and Modern Art • Session I
                            
                            8 December 2022 7 PM CET
                                    
                                        Auction location: Warszawa, Piękna 1A street
                                    

                                        Auction code: 1229ASD232
                                    

                                    
                                        Auction turnover :
                                        43,750,800 PLN","https://desa.pl/en/art-auctions-results/sztuka-dawna-xix-wiek-modernizm-miedzywojnie-i-sesja/"
"1685315150-8","https://desa.pl/en/wyniki-aukcji-dziel-sztuki/?desa_department=&date_from=&year_from=2022&auction_kind=live","Art Now. Curator's choice
                            
                            7 December 2022 7 PM CET
                                    
                                        Auction location: Warszawa, Piękna 1A street
                                    

                                        Auction code: 1228AMS154
                                    

                                    
                                        Auction turnover :
                                        256,200 PLN","https://desa.pl/en/art-auctions-results/art-now-curators-choice-2pfs/"
"1685315150-9","https://desa.pl/en/wyniki-aukcji-dziel-sztuki/?desa_department=&date_from=&year_from=2022&auction_kind=live","Comics. Art from the collection Serafin & Soroka
                            
                            6 December 2022 7 PM CET
                                    
                                        Auction location: Warszawa, Piękna 1A street
                                    

                                        Auction code: 1227KOM020
                                    

                                    
                                        Auction turnover :
                                        263,880 PLN","https://desa.pl/en/art-auctions-results/komiks-kolekcja/"
"1685315150-10","https://desa.pl/en/wyniki-aukcji-dziel-sztuki/?desa_department=&date_from=&year_from=2022&auction_kind=live","Post-War & Contemporary Art
                            
                            1 December 2022 7 PM CET
                                    
                                        Auction location: Warszawa, Piękna 1A street
                                    

                                        Auction code: 1224ASW114
                                    

                                    
                                        Auction turnover :
                                        17,251,800 PLN","https://desa.pl/en/art-auctions-results/post-war-contemporary-art-xqys/"
"1685315150-11","https://desa.pl/en/wyniki-aukcji-dziel-sztuki/?desa_department=&date_from=&year_from=2022&auction_kind=live","Polish Contemporary Art
                            
                            29 November 2022 7 PM CET
                                    
                                        Auction location: Warszawa, Piękna 1A street
                                    

                                        Auction code: 1222ANS037
                                    

                                    
                                        Auction turnover :
                                        2,543,280 PLN","https://desa.pl/en/art-auctions-results/polish-contemporary-art-yuqk/"
"1685315150-12","https://desa.pl/en/wyniki-aukcji-dziel-sztuki/?desa_department=&date_from=&year_from=2022&auction_kind=live","Young Polish Artists
                            
                            28 November 2022 7 PM CET
                                    
                                        Auction location: Piękna 1A
Warszawa
                                    

                                        Auction code: 1221AMS153
                                    

                                    
                                        Auction turnover :
                                        241,320 PLN","https://desa.pl/en/art-auctions-results/young-polish-artists-ck5x/"
"1685315150-13","https://desa.pl/en/wyniki-aukcji-dziel-sztuki/?desa_department=&date_from=&year_from=2022&auction_kind=live","Post-War & Contemporary Art. Abstractionists
                            
                            24 November 2022 8 PM CET
                                    
                                        Auction location: Warszawa, Piękna 1A street
                                    

                                        Auction code: 1218ASW113
                                    

                                    
                                        Auction turnover :
                                        1,066,320 PLN","https://desa.pl/en/art-auctions-results/post-war-contemporary-art-abstractionists/"
"1685315150-14","https://desa.pl/en/wyniki-aukcji-dziel-sztuki/?desa_department=&date_from=&year_from=2022&auction_kind=live","Post-War & Contemporary. Op-Art & Geometric Abstraction
                            
                            24 November 2022 7 PM CET
                                    
                                        Auction location: Warszawa, Piękna 1A street
                                    

                                        Auction code: 1217ASW112
                                    

                                    
                                        Auction turnover :
                                        12,204,000 PLN","https://desa.pl/en/art-auctions-results/post-war-contemporary-art-op-art-geometric-abstraction/"
"1685315150-15","https://desa.pl/en/wyniki-aukcji-dziel-sztuki/?desa_department=&date_from=&year_from=2022&auction_kind=live","Alfred Lenica. Interpretation of Movement
                            
                            22 November 2022 7 PM CET
                                    
                                        Auction location: Warszawa, Piękna 1A street
                                    

                                        Auction code: 1215MON011
                                    

                                    
                                        Auction turnover :
                                        1,925,400 PLN","https://desa.pl/en/art-auctions-results/alfred-lenica-interpretation-of-movement/"
"1685315150-16","https://desa.pl/en/wyniki-aukcji-dziel-sztuki/?desa_department=&date_from=&year_from=2022&auction_kind=live","Works on Paper Post-War And Contemporary Art 
                            
                            17 November 2022 7 PM CET
                                    
                                        Auction location: Warszawa, Piękna 1A street
                                    

                                        Auction code: 1211APP115
                                    

                                    
                                        Auction turnover :
                                        899,640 PLN","https://desa.pl/en/art-auctions-results/works-on-paper-post-war-and-contemporary-art-9jsq/"
"1685315150-17","https://desa.pl/en/wyniki-aukcji-dziel-sztuki/?desa_department=&date_from=&year_from=2022&auction_kind=live","Polish glass
                            
                            16 November 2022 7 PM CET
                                    
                                        Auction location: Warszawa, Piękna 1A street
                                    

                                        Auction code: 1209DES020
                                    

                                    
                                        Auction turnover :
                                        329,160 PLN","https://desa.pl/en/art-auctions-results/polish-glass/"
"1685315150-18","https://desa.pl/en/wyniki-aukcji-dziel-sztuki/?desa_department=&date_from=&year_from=2022&auction_kind=live","Works on Paper. 19th Century and Modern Art
                            
                            15 November 2022 7 PM CET
                                    
                                        Auction location: Warszawa, Piękna 1A street
                                    

                                        Auction code: 1209APP114
                                    

                                    
                                        Auction turnover :
                                        2,111,880 PLN","https://desa.pl/en/art-auctions-results/works-on-paper-19th-century-and-modern-art-y8ko/"
"1685315150-19","https://desa.pl/en/wyniki-aukcji-dziel-sztuki/?desa_department=&date_from=&year_from=2022&auction_kind=live","Jewellery. Masterpieces of Art of 19th and 20th Century
                            
                            14 November 2022 7 PM CET
                                    
                                        Auction location: Warszawa, Piękna 1A street
                                    

                                        Auction code: 1202ABD044
                                    

                                    
                                        Auction turnover :
                                        447,240 PLN","https://desa.pl/en/art-auctions-results/jewellery-masterpieces-of-art-of-19th-and-20th-century-3idz/"
"1685315150-20","https://desa.pl/en/wyniki-aukcji-dziel-sztuki/?desa_department=&date_from=&year_from=2022&auction_kind=live","Art of Old Poland
                            
                            9 November 2022 7 PM CET
                                    
                                        Auction location: Warszawa, Piękna 1A street
                                    

                                        Auction code: 1205ASD231
                                    

                                    
                                        Auction turnover :
                                        617,760 PLN","https://desa.pl/en/art-auctions-results/art-of-old-poland/"
"1685315150-21","https://desa.pl/en/wyniki-aukcji-dziel-sztuki/?desa_department=&date_from=&year_from=2022&auction_kind=live","Collector Photography. Fame, Celebrities, Personalities
                            
                            8 November 2022 8 PM CET
                                    
                                        Auction location: Warszawa, Piękna 1A street
                                    

                                        Auction code: 1205FOT031
                                    

                                    
                                        Auction turnover :
                                        71,880 PLN","https://desa.pl/en/art-auctions-results/fotografia-kolekcjonerska-slawy-gwiazdy-osobowosci/"
"1685315150-22","https://desa.pl/en/wyniki-aukcji-dziel-sztuki/?desa_department=&date_from=&year_from=2022&auction_kind=live","Collector Photography. Classics and artistic avant-garde
                            
                            8 November 2022 7 PM CET
                                    
                                        Auction location: Warszawa, Piękna 1A street
                                    

                                        Auction code: 1203FOT030
                                    

                                    
                                        Auction turnover :
                                        455,640 PLN","https://desa.pl/en/art-auctions-results/collector-photography-classics-and-artistic-avant-garde/"
"1685315150-23","https://desa.pl/en/wyniki-aukcji-dziel-sztuki/?desa_department=&date_from=&year_from=2022&auction_kind=live","Young Polish Artists
                            
                            7 November 2022 7 PM CET
                                    
                                        Auction location: Piękna 1A
Warszawa
                                    

                                        Auction code: 1202AMS152
                                    

                                    
                                        Auction turnover :
                                        275,040 PLN","https://desa.pl/en/art-auctions-results/young-polish-artists-x9hd/"
"1685315150-24","https://desa.pl/en/wyniki-aukcji-dziel-sztuki/?desa_department=&date_from=&year_from=2022&auction_kind=live","Street Art
                            
                            3 November 2022 7 PM CET
                                    
                                        Auction location: ul. Piękna 1A, Warszawa
                                    

                                        Auction code: 1199ANS036
                                    

                                    
                                        Auction turnover :
                                        215,880 PLN","https://desa.pl/en/art-auctions-results/sztuka-ulicy-jesien/"
"1685315150-25","https://desa.pl/en/wyniki-aukcji-dziel-sztuki/?desa_department=&date_from=&year_from=2022&auction_kind=live","Modern and Contemporary Sculpture
                            
                            27 October 2022 7 PM CET
                                    
                                        Auction location: Warszawa, Piękna 1A street
                                    

                                        Auction code: 1196ARZ020
                                    

                                    
                                        Auction turnover :
                                        6,452,160 PLN","https://desa.pl/en/art-auctions-results/modern-and-contemporary-sculpture-d2qf/"
"1685315150-26","https://desa.pl/en/wyniki-aukcji-dziel-sztuki/?desa_department=&date_from=&year_from=2022&auction_kind=live","Magical Art. Surrealism & Magical Realism
                            
                            25 October 2022 7 PM CET
                                    
                                        Auction location: Warszawa, Piękna 1A street
                                    

                                        Auction code: 1194ASW111
                                    

                                    
                                        Auction turnover :
                                        781,320 PLN","https://desa.pl/en/art-auctions-results/magical-art-surrealism-magical-realism/"
"1685315150-27","https://desa.pl/en/wyniki-aukcji-dziel-sztuki/?desa_department=&date_from=&year_from=2022&auction_kind=live","Young Polish Artists
                            
                            24 October 2022 7 PM CET
                                    
                                        Auction location: Piękna 1A
Warszawa
                                    

                                        Auction code: 1197AMS151
                                    

                                    
                                        Auction turnover :
                                        301,440 PLN","https://desa.pl/en/art-auctions-results/young-polish-artists-pr74/"
"1685315150-28","https://desa.pl/en/wyniki-aukcji-dziel-sztuki/?desa_department=&date_from=&year_from=2022&auction_kind=live","Grażyna Kulczyk Collection. Discoveries
                            
                            20 October 2022 8 PM CET
                                    
                                        Auction location: Warszawa, Piękna 1A street
                                    

                                        Auction code: 1192KOL034
                                    

                                    
                                        Auction turnover :
                                        1,440,000 PLN","https://desa.pl/en/art-auctions-results/grazyna-kulczyk-collection-discoveries/"
"1685315150-29","https://desa.pl/en/wyniki-aukcji-dziel-sztuki/?desa_department=&date_from=&year_from=2022&auction_kind=live","Grażyna Kulczyk Collection. Blow-up
                            
                            20 October 2022 7 PM CET
                                    
                                        Auction location: Warszawa, Piękna 1A street
                                    

                                        Auction code: 1191KOL033
                                    

                                    
                                        Auction turnover :
                                        1,298,400 PLN","https://desa.pl/en/art-auctions-results/grazyna-kulczyk-collection-blow-up/"
"1685315150-30","https://desa.pl/en/wyniki-aukcji-dziel-sztuki/?desa_department=&date_from=&year_from=2022&auction_kind=live","Grażyna Kulczyk Collection. Passion. Markowski - Chlanda - Szewczyk
                            
                            19 October 2022 8 PM CET
                                    
                                        Auction location: Warszawa, Piękna 1A street
                                    

                                        Auction code: 1190KOL032
                                    

                                    
                                        Auction turnover :
                                        1,641,600 PLN","https://desa.pl/en/art-auctions-results/grazyna-kulczyk-collection-passion-markowski-chlanda-szewc/"
"1685315150-31","https://desa.pl/en/wyniki-aukcji-dziel-sztuki/?desa_department=&date_from=&year_from=2022&auction_kind=live","Grażyna Kulczyk Collection. Tadeusz Kantor
                            
                            19 October 2022 7 PM CET
                                    
                                        Auction location: Warszawa, Piękna 1A street
                                    

                                        Auction code: 1189KOL031
                                    

                                    
                                        Auction turnover :
                                        16,201,800 PLN","https://desa.pl/en/art-auctions-results/grazyna-kulczyk-collection-tadeusz-kantor/"
"1685315150-32","https://desa.pl/en/wyniki-aukcji-dziel-sztuki/?desa_department=&date_from=&year_from=2022&auction_kind=live","Grażyna Kulczyk Collection. Avant-garde
                            
                            18 October 2022 7 PM CET
                                    
                                        Auction location: Warszawa, Piękna 1A street
                                    

                                        Auction code: 1188KOL030
                                    

                                    
                                        Auction turnover :
                                        16,795,200 PLN","https://desa.pl/en/art-auctions-results/grazyna-kulczyk-collection-avant-garde/"
"1685315150-33","https://desa.pl/en/wyniki-aukcji-dziel-sztuki/?desa_department=&date_from=&year_from=2022&auction_kind=live","Old Masters. 19th Century and Modern Art
                            
                            11 October 2022 7 PM CET
                                    
                                        Auction location: Warszawa, Piękna 1A street
                                    

                                        Auction code: 1186ASD230
                                    

                                    
                                        Auction turnover :
                                        7,656,000 PLN","https://desa.pl/en/art-auctions-results/old-masters-19th-century-and-modern-art-l77a/"
"1685315150-34","https://desa.pl/en/wyniki-aukcji-dziel-sztuki/?desa_department=&date_from=&year_from=2022&auction_kind=live","Art Outlet. Post-War & Contemporary
                            
                            6 October 2022 7 PM CET
                                    
                                        Auction location: Warszawa, Piękna 1A street
                                    

                                        Auction code: 1184WYP069
                                    

                                    
                                        Auction turnover :
                                        704,040 PLN","https://desa.pl/en/art-auctions-results/art-outlet-post-war-contemporary/"
"1685315150-35","https://desa.pl/en/wyniki-aukcji-dziel-sztuki/?desa_department=&date_from=&year_from=2022&auction_kind=live","Young Polish Artists
                            
                            3 October 2022 7 PM CET
                                    
                                        Auction location: Piękna 1A
Warszawa
                                    

                                        Auction code: 1181AMS150
                                    

                                    
                                        Auction turnover :
                                        254,400 PLN","https://desa.pl/en/art-auctions-results/young-polish-artists-b2qo/"
"1685315150-36","https://desa.pl/en/wyniki-aukcji-dziel-sztuki/?desa_department=&date_from=&year_from=2022&auction_kind=live","Art Now. Curator's choice
                            
                            29 September 2022 7 PM CET
                                    
                                        Auction location: Warszawa, ul. Piękna 1A
                                    

                                        Auction code: 1180AMS149
                                    

                                    
                                        Auction turnover :
                                        174,120 PLN","https://desa.pl/en/art-auctions-results/wybor-kuratora-zbiory/"
"1685315150-37","https://desa.pl/en/wyniki-aukcji-dziel-sztuki/?desa_department=&date_from=&year_from=2022&auction_kind=live","Polish ceramic
                            
                            27 September 2022 7 PM CET
                                    
                                        Auction location: Warszawa, Piękna 1A street
                                    

                                        Auction code: 1179DES019
                                    

                                    
                                        Auction turnover :
                                        185,280 PLN","https://desa.pl/en/art-auctions-results/polish-ceramic/"
"1685315150-38","https://desa.pl/en/wyniki-aukcji-dziel-sztuki/?desa_department=&date_from=&year_from=2022&auction_kind=live","Design. Beauty in use
                            
                            26 September 2022 7 PM CET
                                    
                                        Auction location: Warszawa, Piękna 1A street
                                    

                                        Auction code: 1178DES018
                                    

                                    
                                        Auction turnover :
                                        376,440 PLN","https://desa.pl/en/art-auctions-results/polish-design-i3er/"
"1685315150-39","https://desa.pl/en/wyniki-aukcji-dziel-sztuki/?desa_department=&date_from=&year_from=2022&auction_kind=live","Post-War & Contemporary Art
                            
                            22 September 2022 7 PM CET
                                    
                                        Auction location: Warszawa, Piękna 1A street
                                    

                                        Auction code: 1177ASW110
                                    

                                    
                                        Auction turnover :
                                        5,868,600 PLN","https://desa.pl/en/art-auctions-results/post-war-contemporary-art-y5wk/"
"1685315150-40","https://desa.pl/en/wyniki-aukcji-dziel-sztuki/?desa_department=&date_from=&year_from=2022&auction_kind=live","Polish Contemporary Art
                            
                            20 September 2022 7 PM CET
                                    
                                        Auction location: Warszawa, Piękna 1A street
                                    

                                        Auction code: 1176ANS035
                                    

                                    
                                        Auction turnover :
                                        1,324,800 PLN","https://desa.pl/en/art-auctions-results/polish-contemporary-art-q1a4/"
"1685315150-41","https://desa.pl/en/wyniki-aukcji-dziel-sztuki/?desa_department=&date_from=&year_from=2022&auction_kind=live","Treasures from the National museum in Warsaw. Adopt a painting
                            
                            19 September 2022 7 PM CET
                                    
                                        Auction location: National Museum in Warsaw, Aleje Jerozolimskie 3
                                    

                                        Auction code: 1175ACH046
                                    

                                    
                                        Auction turnover :
                                        98,600 PLN","https://desa.pl/en/art-auctions-results/treasures-from-the-national-museum-in-warsaw-adopt-a-painting/"
"1685315150-42","https://desa.pl/en/wyniki-aukcji-dziel-sztuki/?desa_department=&date_from=&year_from=2022&auction_kind=live","Magical Art. Surrealism and Magic Realism
                            
                            15 September 2022 7 PM CET
                                    
                                        Auction location: Warszawa, Piękna 1A street
                                    

                                        Auction code: 1173ASW109
                                    

                                    
                                        Auction turnover :
                                        812,160 PLN","https://desa.pl/en/art-auctions-results/magical-art-surrealism-and-magic-realism-pbt7/"
"1685315150-43","https://desa.pl/en/wyniki-aukcji-dziel-sztuki/?desa_department=&date_from=&year_from=2022&auction_kind=live","Works on Paper Post-War and Contemporary Art
                            
                            13 September 2022 7 PM CET
                                    
                                        Auction location: Warszawa, Piękna 1A street
                                    

                                        Auction code: 1172APP113
                                    

                                    
                                        Auction turnover :
                                        821,760 PLN","https://desa.pl/en/art-auctions-results/works-on-paper-post-war-and-contemporary-art-2epa/"
"1685315150-44","https://desa.pl/en/wyniki-aukcji-dziel-sztuki/?desa_department=&date_from=&year_from=2022&auction_kind=live","Jewellery. Masterpieces of Art of 19th and 20th Century
                            
                            12 September 2022 7 PM CET
                                    
                                        Auction location: Warszawa, Piękna 1A street
                                    

                                        Auction code: 1171ABD043
                                    

                                    
                                        Auction turnover :
                                        369,960 PLN","https://desa.pl/en/art-auctions-results/jewellery-masterpieces-of-art-of-19th-and-20th-century-of4m/"
"1685315150-45","https://desa.pl/en/wyniki-aukcji-dziel-sztuki/?desa_department=&date_from=&year_from=2022&auction_kind=live","Works on Paper. 19th Century and Modern Art
                            
                            8 September 2022 7 PM CET
                                    
                                        Auction location: Warszawa, Piękna 1A street
                                    

                                        Auction code: 1169APP112
                                    

                                    
                                        Auction turnover :
                                        896,280 PLN","https://desa.pl/en/art-auctions-results/sztuka-dawna-prace-na-papierze-hmb8/"
"1685315150-46","https://desa.pl/en/wyniki-aukcji-dziel-sztuki/?desa_department=&date_from=&year_from=2022&auction_kind=live","Art Outlet. 19th Century and Modern Art
                            
                            6 September 2022 7 PM CET
                                    
                                        Auction location: Warszawa, Piękna 1A street
                                    

                                        Auction code: 1167WYP068
                                    

                                    
                                        Auction turnover :
                                        635,040 PLN","https://desa.pl/en/art-auctions-results/art-outlet-19th-century-and-modern-art-06bj/"
"1685315150-47","https://desa.pl/en/wyniki-aukcji-dziel-sztuki/?desa_department=&date_from=&year_from=2022&auction_kind=live","Young Polish Artists
                            
                            5 September 2022 7 PM CET
                                    
                                        Auction location: Piękna 1A
Warszawa
                                    

                                        Auction code: 1166AMS148
                                    

                                    
                                        Auction turnover :
                                        250,920 PLN","https://desa.pl/en/art-auctions-results/young-polish-artists-j7fb/"
"1685315150-48","https://desa.pl/en/wyniki-aukcji-dziel-sztuki/?desa_department=&date_from=&year_from=2022&auction_kind=live","Old Masters and Modern Prints
                            
                            1 September 2022 7 PM CET
                                    
                                        Auction location: Warszawa, Piękna 1A street
                                    

                                        Auction code: 1164APP111
                                    

                                    
                                        Auction turnover :
                                        144,720 PLN","https://desa.pl/en/art-auctions-results/old-masters-and-modern-prints-b3e9/"
"1685315150-49","https://desa.pl/en/wyniki-aukcji-dziel-sztuki/?desa_department=&date_from=&year_from=2022&auction_kind=live","Contemporary Prints
                            
                            30 August 2022 7 PM CET
                                    
                                        Auction location: Warszawa
                                    

                                        Auction code: 1163APP110
                                    

                                    
                                        Auction turnover :
                                        316,200 PLN","https://desa.pl/en/art-auctions-results/contemporary-prints/"
"1685315150-50","https://desa.pl/en/wyniki-aukcji-dziel-sztuki/?desa_department=&date_from=&year_from=2022&auction_kind=live","Post-War and Contemporary
                            
                            25 August 2022 7 PM CET
                                    
                                        Auction location: Warszawa, Piękna 1A street
                                    

                                        Auction code: 1160ASW108
                                    

                                    
                                        Auction turnover :
                                        3,719,400 PLN","https://desa.pl/en/art-auctions-results/post-war-contemporary-1160asw108/"
"1685315150-51","https://desa.pl/en/wyniki-aukcji-dziel-sztuki/?desa_department=&date_from=&year_from=2022&auction_kind=live","Young Polish Artists
                            
                            23 August 2022 7 PM CET
                                    
                                        Auction location: ul. Piękna 1A, Warszawa
                                    

                                        Auction code: 1158AMS147
                                    

                                    
                                        Auction turnover :
                                        225,960 PLN","https://desa.pl/en/art-auctions-results/young-polish-artists-octv/"
"1685315150-52","https://desa.pl/en/wyniki-aukcji-dziel-sztuki/?desa_department=&date_from=&year_from=2022&auction_kind=live","Young Polish Artists
                            
                            13 August 2022 6 PM CET
                                    
                                        Auction location: Sofitel Grand Sopot
Powstańców Warszawy 12/14
Sopot
                                    

                                        Auction code: 1153AMS146
                                    

                                    
                                        Auction turnover :
                                        383,520 PLN","https://desa.pl/en/art-auctions-results/young-polish-artists-35gr/"
"1685315150-53","https://desa.pl/en/wyniki-aukcji-dziel-sztuki/?desa_department=&date_from=&year_from=2022&auction_kind=live","The Kossak Family
                            
                            12 August 2022 6 PM CET
                                    
                                        Auction location: Hotel Sofitel Grand Sopot
Powstańców Warszawy 12/14 St
                                    

                                        Auction code: 1152MON010
                                    

                                    
                                        Auction turnover :
                                        2,833,200 PLN","https://desa.pl/en/art-auctions-results/the-kossak-family/"
"1685315150-54","https://desa.pl/en/wyniki-aukcji-dziel-sztuki/?desa_department=&date_from=&year_from=2022&auction_kind=live","Magical Art. Surrealism & Magic Realism
                            
                            11 August 2022 6 PM CET
                                    
                                        Auction location: Grand Hotel, Sopot
                                    

                                        Auction code: 1150ASW107
                                    

                                    
                                        Auction turnover :
                                        841,920 PLN","https://desa.pl/en/art-auctions-results/magical-art-surrealism-magic-realism/"
"1685315150-55","https://desa.pl/en/wyniki-aukcji-dziel-sztuki/?desa_department=&date_from=&year_from=2022&auction_kind=live","Young Polish Artist
                            
                            28 July 2022 7 PM CET
                                    
                                        Auction location: ul. Piękna 1A, Warszawa
                                    

                                        Auction code: 1144AMS145
                                    

                                    
                                        Auction turnover :
                                        217,680 PLN","https://desa.pl/en/art-auctions-results/young-polish-artist-717q/"
"1685315150-56","https://desa.pl/en/wyniki-aukcji-dziel-sztuki/?desa_department=&date_from=&year_from=2022&auction_kind=live","Young Polish Artists
                            
                            14 July 2022 7 PM CET
                                    
                                        Auction location: ul. Piękna 1A, Warszawa
                                    

                                        Auction code: 1137AMS144
                                    

                                    
                                        Auction turnover :
                                        290,160 PLN","https://desa.pl/en/art-auctions-results/young-polish-artists-m40v/"
"1685315150-57","https://desa.pl/en/wyniki-aukcji-dziel-sztuki/?desa_department=&date_from=&year_from=2022&auction_kind=live","Art Outlet. Modern Art
                            
                            12 July 2022 7 PM CET
                                    
                                        Auction location: Warszawa, Piękna 1A street
                                    

                                        Auction code: 1135WYP067
                                    

                                    
                                        Auction turnover :
                                        620,640 PLN","https://desa.pl/en/art-auctions-results/art-outlet-sztuka-wspolczesna-p5cj/"
"1685315150-58","https://desa.pl/en/wyniki-aukcji-dziel-sztuki/?desa_department=&date_from=&year_from=2022&auction_kind=live","Art Outlet. 19th Century and Modern Art
                            
                            7 July 2022 7 PM CET
                                    
                                        Auction location: Warszawa, Piękna 1A street
                                    

                                        Auction code: 1132WYP066
                                    

                                    
                                        Auction turnover :
                                        1,142,400 PLN","https://desa.pl/en/art-auctions-results/art-outlet-19th-century-and-modern-art-4mme/"
"1685315150-59","https://desa.pl/en/wyniki-aukcji-dziel-sztuki/?desa_department=&date_from=&year_from=2022&auction_kind=live","Post-War & Contemporary Art
                            
                            30 June 2022 7 PM CET
                                    
                                        Auction location: Warszawa, Piękna 1A street
                                    

                                        Auction code: 1126ASW106
                                    

                                    
                                        Auction turnover :
                                        4,323,000 PLN","https://desa.pl/en/art-auctions-results/post-war-contemporary-art-9qdh/"
"1685315150-60","https://desa.pl/en/wyniki-aukcji-dziel-sztuki/?desa_department=&date_from=&year_from=2022&auction_kind=live","Ars Erotica 
                            
                            28 June 2022 7 PM CET
                                    
                                        Auction location: Warszawa, Piękna 1A street
                                    

                                        Auction code: 1125ASW105
                                    

                                    
                                        Auction turnover :
                                        393,240 PLN","https://desa.pl/en/art-auctions-results/ars-erotica/"
"1685315150-61","https://desa.pl/en/wyniki-aukcji-dziel-sztuki/?desa_department=&date_from=&year_from=2022&auction_kind=live","Young Polish Artist
                            
                            27 June 2022 7 PM CET
                                    
                                        Auction location: ul. Piękna 1A, Warszawa
                                    

                                        Auction code: 1124AMS143
                                    

                                    
                                        Auction turnover :
                                        203,040 PLN","https://desa.pl/en/art-auctions-results/young-polish-artist-g4qg/"
"1685315150-62","https://desa.pl/en/wyniki-aukcji-dziel-sztuki/?desa_department=&date_from=&year_from=2022&auction_kind=live","Aukcja Nieruchomości - Augustiańska 15, Kraków
                            
                            27 June 2022 4 PM CET
                                    
                                        Auction location: Warszawa, ul. Piękna 1A","https://desa.pl/pl/aukcja-nieruchomosci-augustianska-15/"
"1685315150-63","https://desa.pl/en/wyniki-aukcji-dziel-sztuki/?desa_department=&date_from=&year_from=2022&auction_kind=live","Contemporary Prints
                            
                            23 June 2022 7 PM CET
                                    
                                        Auction location: Warszawa, Piękna 1A street
                                    

                                        Auction code: 1123APP109
                                    

                                    
                                        Auction turnover :
                                        349,320 PLN","https://desa.pl/en/art-auctions-results/contemporary-prints-9fpi/"
"1685315150-64","https://desa.pl/en/wyniki-aukcji-dziel-sztuki/?desa_department=&date_from=&year_from=2022&auction_kind=live","Old Masters and Modern Prints
                            
                            21 June 2022 7 PM CET
                                    
                                        Auction location: Warszawa, Piękna 1A street
                                    

                                        Auction code: 1122APP108
                                    

                                    
                                        Auction turnover :
                                        292,800 PLN","https://desa.pl/en/art-auctions-results/old-masters-and-modern-prints-3zqk/"
"1685315150-65","https://desa.pl/en/wyniki-aukcji-dziel-sztuki/?desa_department=&date_from=&year_from=2022&auction_kind=live","Art now. Curator's choice
                            
                            14 June 2022 7 PM CET
                                    
                                        Auction location: Warszawa, Piękna 1A street
                                    

                                        Auction code: 1117AMS142
                                    

                                    
                                        Auction turnover :
                                        198,360 PLN","https://desa.pl/en/art-auctions-results/art-now-curators-choice-if6l/"
"1685315150-66","https://desa.pl/en/wyniki-aukcji-dziel-sztuki/?desa_department=&date_from=&year_from=2022&auction_kind=live","Old Masters. 19th Century and Modern Art
                            
                            9 June 2022 7 PM CET
                                    
                                        Auction location: Warszawa, Piękna 1A street
                                    

                                        Auction code: 1115ASD229
                                    

                                    
                                        Auction turnover :
                                        11,061,360 PLN","https://desa.pl/en/art-auctions-results/old-masters-19th-century-and-modern-art-22eq/"
"1685315150-67","https://desa.pl/en/wyniki-aukcji-dziel-sztuki/?desa_department=&date_from=&year_from=2022&auction_kind=live","Magical Art. Surrealism and Magic Realism
                            
                            7 June 2022 7 PM CET
                                    
                                        Auction location: Warszawa, Piękna 1A street
                                    

                                        Auction code: 1113ASW104
                                    

                                    
                                        Auction turnover :
                                        1,529,640 PLN","https://desa.pl/en/art-auctions-results/magical-art-surrealism-and-magic-realism-kirh/"
"1685315150-68","https://desa.pl/en/wyniki-aukcji-dziel-sztuki/?desa_department=&date_from=&year_from=2022&auction_kind=live","Young Polish Artist
                            
                            6 June 2022 7 PM CET
                                    
                                        Auction location: ul. Piękna 1A, Warszawa
                                    

                                        Auction code: 1112AMS141
                                    

                                    
                                        Auction turnover :
                                        270,960 PLN","https://desa.pl/en/art-auctions-results/young-polish-artists-cgv02/"
"1685315150-69","https://desa.pl/en/wyniki-aukcji-dziel-sztuki/?desa_department=&date_from=&year_from=2022&auction_kind=live","Polish Contemporary Art
                            
                            2 June 2022 7 PM CET
                                    
                                        Auction location: Warszawa, Piękna 1A street
                                    

                                        Auction code: 1109ANS034
                                    

                                    
                                        Auction turnover :
                                        1,267,920 PLN","https://desa.pl/en/art-auctions-results/polish-contemporary-art-9cjm/"
"1685315150-70","https://desa.pl/en/wyniki-aukcji-dziel-sztuki/?desa_department=&date_from=&year_from=2022&auction_kind=live","Very Peri 
                            
                            31 May 2022 7 PM CET
                                    
                                        Auction location: Warszawa, Piękna 1A street
                                    

                                        Auction code: 1107ASW103
                                    

                                    
                                        Auction turnover :
                                        1,744,800 PLN","https://desa.pl/en/art-auctions-results/very-peri-kolor-roku-2022/"
"1685315150-71","https://desa.pl/en/wyniki-aukcji-dziel-sztuki/?desa_department=&date_from=&year_from=2022&auction_kind=live","Post-War & Contemporary Art
                            
                            26 May 2022 7 PM CET
                                    
                                        Auction location: Warszawa, Piękna 1A street
                                    

                                        Auction code: 1105ASW102
                                    

                                    
                                        Auction turnover :
                                        9,070,800 PLN","https://desa.pl/en/art-auctions-results/post-war-contemporary-art-cmmt/"
"1685315150-72","https://desa.pl/en/wyniki-aukcji-dziel-sztuki/?desa_department=&date_from=&year_from=2022&auction_kind=live","Young Polish Artists
                            
                            24 May 2022 7 PM CET
                                    
                                        Auction location: Warszawa, ul. Piękna 1A
                                    

                                        Auction code: 1102AMS140
                                    

                                    
                                        Auction turnover :
                                        222,480 PLN","https://desa.pl/en/art-auctions-results/young-polish-artists-xds7/"
"1685315150-73","https://desa.pl/en/wyniki-aukcji-dziel-sztuki/?desa_department=&date_from=&year_from=2022&auction_kind=live","Jewellery. Masterpieces of Art of 19th and 20th Century
                            
                            23 May 2022 7 PM CET
                                    
                                        Auction location: Warszawa, Piękna 1A street
                                    

                                        Auction code: 1101ABD042
                                    

                                    
                                        Auction turnover :
                                        453,840 PLN","https://desa.pl/en/art-auctions-results/jewellery-masterpieces-of-art-of-19th-and-20th-century-ut1i/"
"1685315150-74","https://desa.pl/en/wyniki-aukcji-dziel-sztuki/?desa_department=&date_from=&year_from=2022&auction_kind=live","Works on Paper. 19th Century and Modern Art
                            
                            19 May 2022 7 PM CET
                                    
                                        Auction location: Warszawa, Piękna 1A street
                                    

                                        Auction code: 1099APP107
                                    

                                    
                                        Auction turnover :
                                        2,151,120 PLN","https://desa.pl/en/art-auctions-results/works-on-paper-19th-century-and-modern-art-xgna/"
"1685315150-75","https://desa.pl/en/wyniki-aukcji-dziel-sztuki/?desa_department=&date_from=&year_from=2022&auction_kind=live","Works on Paper Post-War And Contemporary Art 
                            
                            17 May 2022 7 PM CET
                                    
                                        Auction location: Warszawa, Piękna 1A street
                                    

                                        Auction code: 1097APP106
                                    

                                    
                                        Auction turnover :
                                        1,097,760 PLN","https://desa.pl/en/art-auctions-results/works-on-paper-post-war-and-contemporary-art-uxm6/"
"1685315150-76","https://desa.pl/en/wyniki-aukcji-dziel-sztuki/?desa_department=&date_from=&year_from=2022&auction_kind=live","Dress code. Art and Fashion
                            
                            16 May 2022 7 PM CET
                                    
                                        Auction location: Warszawa, Piękna 1A street
                                    

                                        Auction code: 1096KOL029
                                    

                                    
                                        Auction turnover :
                                        261,240 PLN","https://desa.pl/en/art-auctions-results/dress-code-art-and-fasion/"
"1685315150-77","https://desa.pl/en/wyniki-aukcji-dziel-sztuki/?desa_department=&date_from=&year_from=2022&auction_kind=live","Refugees Welcome. Artists for the Refugees
                            
                            15 May 2022 5 PM CET
                                    
                                        Auction location: Museum of Contemporary Art
Wybrzeże Kościuszkowskie 22
Warsaw
                                    

                                        Auction code: 1094ACH045
                                    

                                    
                                        Auction turnover :
                                        1,133,600 PLN","https://desa.pl/en/art-auctions-results/refugees-welcome-fp2t/"
"1685315150-78","https://desa.pl/en/wyniki-aukcji-dziel-sztuki/?desa_department=&date_from=&year_from=2022&auction_kind=live","École de Paris 
                            
                            12 May 2022 7 PM CET
                                    
                                        Auction location: Warszawa, Piękna 1A street
                                    

                                        Auction code: 1093ASD228
                                    

                                    
                                        Auction turnover :
                                        7,469,280 PLN","https://desa.pl/en/art-auctions-results/school-of-paris/"
"1685315150-79","https://desa.pl/en/wyniki-aukcji-dziel-sztuki/?desa_department=&date_from=&year_from=2022&auction_kind=live","Naive and contemporary art. Sources - relations – contexts
                            
                            10 May 2022 7 PM CET
                                    
                                        Auction location: Warszawa, ul. Piękna 1A
                                    

                                        Auction code: 1091KOL028
                                    

                                    
                                        Auction turnover :
                                        1,496,400 PLN","https://desa.pl/en/art-auctions-results/naive-and-contemporary-art-sources-relations-contexts/"
"1685315150-80","https://desa.pl/en/wyniki-aukcji-dziel-sztuki/?desa_department=&date_from=&year_from=2022&auction_kind=live","Raffles Europejski for the Children of Ukraine
                            
                            6 May 2022 8:30 PM CET
                                    
                                        Auction location: Raffles Europejski 
Krakowskie Przedmieście 13, Warsaw
                                    

                                        Auction code: 1095ACH044
                                    

                                    
                                        Auction turnover :
                                        646,600 PLN","https://desa.pl/en/art-auctions-results/raffles-europejski-for-the-children-of-ukraine/"
"1685315150-81","https://desa.pl/en/wyniki-aukcji-dziel-sztuki/?desa_department=&date_from=&year_from=2022&auction_kind=live","Young Polish Artists
                            
                            5 May 2022 7 PM CET
                                    
                                        Auction location: Warszawa, ul. Piękna 1A
                                    

                                        Auction code: 1088AMS139
                                    

                                    
                                        Auction turnover :
                                        389,520 PLN","https://desa.pl/en/art-auctions-results/young-polish-artists-nwtp/"
"1685315150-82","https://desa.pl/en/wyniki-aukcji-dziel-sztuki/?desa_department=&date_from=&year_from=2022&auction_kind=live","Photography Portraits of Celebrities, Stars, Personalities
                            
                            28 April 2022 8 PM CET
                                    
                                        Auction location: Warszawa, Piękna 1A street
                                    

                                        Auction code: 1084FOT029
                                    

                                    
                                        Auction turnover :
                                        164,880 PLN","https://desa.pl/en/art-auctions-results/photography-portraits-of-celebrities-stars-personalities-tgrm/"
"1685315150-83","https://desa.pl/en/wyniki-aukcji-dziel-sztuki/?desa_department=&date_from=&year_from=2022&auction_kind=live","Collector's Photography. Classics and Artistic Avant-garde
                            
                            28 April 2022 7 PM CET
                                    
                                        Auction location: Warszawa, Piękna 1A street
                                    

                                        Auction code: 1083FOT028
                                    

                                    
                                        Auction turnover :
                                        662,520 PLN","https://desa.pl/en/art-auctions-results/collectors-photography-classics-and-artistic-avant-garde/"
"1685315150-84","https://desa.pl/en/wyniki-aukcji-dziel-sztuki/?desa_department=&date_from=&year_from=2022&auction_kind=live","Art Outlet. 19th Century and Modern Art
                            
                            26 April 2022 7 PM CET
                                    
                                        Auction location: Warszawa, Piękna 1A street
                                    

                                        Auction code: 1081WYP065
                                    

                                    
                                        Auction turnover :
                                        715,920 PLN","https://desa.pl/en/art-auctions-results/art-outlet-sztuka-dawna-kwiecien/"
"1685315150-85","https://desa.pl/en/wyniki-aukcji-dziel-sztuki/?desa_department=&date_from=&year_from=2022&auction_kind=live","Glass. Art&Design
                            
                            21 April 2022 7 PM CET
                                    
                                        Auction location: Warszawa, ul. Piękna 1A
                                    

                                        Auction code: 1076DES017
                                    

                                    
                                        Auction turnover :
                                        243,240 PLN","https://desa.pl/en/art-auctions-results/glass-artdesign/"
"1685315150-86","https://desa.pl/en/wyniki-aukcji-dziel-sztuki/?desa_department=&date_from=&year_from=2022&auction_kind=live","Young Polish Artists
                            
                            20 April 2022 7 PM CET
                                    
                                        Auction location: Warszawa, ul. Piękna 1A
                                    

                                        Auction code: 1076AMS138
                                    

                                    
                                        Auction turnover :
                                        262,560 PLN","https://desa.pl/en/art-auctions-results/young-polish-artists-gdy5/"
"1685315150-87","https://desa.pl/en/wyniki-aukcji-dziel-sztuki/?desa_department=&date_from=&year_from=2022&auction_kind=live","The Age of Colourism
                            
                            12 April 2022 7 PM CET
                                    
                                        Auction location: Warszawa, Piękna 1A street
                                    

                                        Auction code: 1073KOL027
                                    

                                    
                                        Auction turnover :
                                        1,413,960 PLN","https://desa.pl/en/art-auctions-results/the-age-of-colourism/"
"1685315150-88","https://desa.pl/en/wyniki-aukcji-dziel-sztuki/?desa_department=&date_from=&year_from=2022&auction_kind=live","Comicbook. Re-generation
                            
                            11 April 2022 7 PM CET
                                    
                                        Auction location: Warszawa, Piękna 1A street
                                    

                                        Auction code: 1070KOM019
                                    

                                    
                                        Auction turnover :
                                        422,760 PLN","https://desa.pl/en/art-auctions-results/comicbook-re-generation/"
"1685315150-89","https://desa.pl/en/wyniki-aukcji-dziel-sztuki/?desa_department=&date_from=&year_from=2022&auction_kind=live","Modern and Contemporary Sculpture
                            
                            7 April 2022 7 PM CET
                                    
                                        Auction location: Warszawa, Piękna 1A street
                                    

                                        Auction code: 1069ARZ019
                                    

                                    
                                        Auction turnover :
                                        3,750,840 PLN","https://desa.pl/en/art-auctions-results/modern-and-contemporary-sculpture-vk51/"
"1685315150-90","https://desa.pl/en/wyniki-aukcji-dziel-sztuki/?desa_department=&date_from=&year_from=2022&auction_kind=live","Jewellery. Masterpieces of Art of 19th and 20th Century
                            
                            6 April 2022 7 PM CET
                                    
                                        Auction location: Warszawa, Piękna 1A street
                                    

                                        Auction code: 1068ABD041
                                    

                                    
                                        Auction turnover :
                                        485,400 PLN","https://desa.pl/en/art-auctions-results/jewellery-masterpieces-of-art-of-19th-and-20th-century-005b/"
"1685315150-91","https://desa.pl/en/wyniki-aukcji-dziel-sztuki/?desa_department=&date_from=&year_from=2022&auction_kind=live","Young Polish Artists
                            
                            5 April 2022 7 PM CET
                                    
                                        Auction location: Warszawa, ul. Piękna 1A
                                    

                                        Auction code: 1067AMS137
                                    

                                    
                                        Auction turnover :
                                        249,840 PLN","https://desa.pl/en/art-auctions-results/aukcja-mlodej-sztuki/"
"1685315150-92","https://desa.pl/en/wyniki-aukcji-dziel-sztuki/?desa_department=&date_from=&year_from=2022&auction_kind=live","Post-War & Contemporary Art. Wildness and Expression 
                            
                            31 March 2022 7 PM CET
                                    
                                        Auction location: Warszawa, Piękna 1A street
                                    

                                        Auction code: 1064ASW101
                                    

                                    
                                        Auction turnover :
                                        1,939,200 PLN","https://desa.pl/en/art-auctions-results/post-war-contemporary-art-wildness-and-expression/"
"1685315150-93","https://desa.pl/en/wyniki-aukcji-dziel-sztuki/?desa_department=&date_from=&year_from=2022&auction_kind=live","Magical Art. Surrealism and Magic Realism
                            
                            29 March 2022 7 PM CET
                                    
                                        Auction location: Warszawa, Piękna 1A street
                                    

                                        Auction code: 1062ASW100
                                    

                                    
                                        Auction turnover :
                                        722,640 PLN","https://desa.pl/en/art-auctions-results/magical-art-surrealism-and-magic-realism-1062asw100/"
"1685315150-94","https://desa.pl/en/wyniki-aukcji-dziel-sztuki/?desa_department=&date_from=&year_from=2022&auction_kind=live","Polish Design
                            
                            24 March 2022 7 PM CET
                                    
                                        Auction location: Warszawa, ul. Piękna 1A
                                    

                                        Auction code: 1059DES016
                                    

                                    
                                        Auction turnover :
                                        403,320 PLN","https://desa.pl/en/art-auctions-results/polish-design-e677/"
"1685315150-95","https://desa.pl/en/wyniki-aukcji-dziel-sztuki/?desa_department=&date_from=&year_from=2022&auction_kind=live","The Polish School of Textile Art
                            
                            22 March 2022 7 PM CET
                                    
                                        Auction location: Warszawa, Piękna 1A street
                                    

                                        Auction code: 1057DES015
                                    

                                    
                                        Auction turnover :
                                        1,044,360 PLN","https://desa.pl/en/art-auctions-results/the-polish-school-of-textile-art/"
"1685315150-96","https://desa.pl/en/wyniki-aukcji-dziel-sztuki/?desa_department=&date_from=&year_from=2022&auction_kind=live","Young Polish Artists
                            
                            21 March 2022 7 PM CET
                                    
                                        Auction location: Warszawa, ul. Piękna 1A
                                    

                                        Auction code: 1056AMS136
                                    

                                    
                                        Auction turnover :
                                        234,120 PLN","https://desa.pl/en/art-auctions-results/young-polish-artists-x47c/"
"1685315150-97","https://desa.pl/en/wyniki-aukcji-dziel-sztuki/?desa_department=&date_from=&year_from=2022&auction_kind=live","Auction For Ukrainian Refugees • Session II
                            
                            18 March 2022 7 PM CET
                                    
                                        Auction location: Warszawa, Piękna 1A street
                                    

                                        Auction code: 1043ACH043
                                    

                                    
                                        Auction turnover :
                                        309,500 PLN","https://desa.pl/en/art-auctions-results/aukcja-na-rzecz-uchodzcow-z-ukrainy-ii-sesja/"
"1685315150-98","https://desa.pl/en/wyniki-aukcji-dziel-sztuki/?desa_department=&date_from=&year_from=2022&auction_kind=live","Old Masters, 19th Century and Modern Art
                            
                            17 March 2022 7 PM CET
                                    
                                        Auction location: Warszawa, Piękna 1A street
                                    

                                        Auction code: 1054ASD227
                                    

                                    
                                        Auction turnover :
                                        26,876,400 PLN","https://desa.pl/en/art-auctions-results/old-masters-19th-century-and-modern-art-mnhk/"
"1685315150-99","https://desa.pl/en/wyniki-aukcji-dziel-sztuki/?desa_department=&date_from=&year_from=2022&auction_kind=live","Jacques Zucker. People and Landscapes
                            
                            15 March 2022 7 PM CET
                                    
                                        Auction location: Warszawa, ul. Piękna 1A
                                    

                                        Auction code: 1052MON009
                                    

                                    
                                        Auction turnover :
                                        313,440 PLN","https://desa.pl/en/art-auctions-results/jacques-zucker-people-and-landscapes/"
"1685315150-100","https://desa.pl/en/wyniki-aukcji-dziel-sztuki/?desa_department=&date_from=&year_from=2022&auction_kind=live","Polish Contemporary Art
                            
                            10 March 2022 7 PM CET
                                    
                                        Auction location: Warszawa, Piękna 1A street
                                    

                                        Auction code: 1049ANS033
                                    

                                    
                                        Auction turnover :
                                        2,383,200 PLN","https://desa.pl/en/art-auctions-results/polish-contemporary-art-kbi6/"
"1685315150-101","https://desa.pl/en/wyniki-aukcji-dziel-sztuki/?desa_department=&date_from=&year_from=2022&auction_kind=live","Charity Auction For Ukrainian Refugees
                            
                            9 March 2022 7 PM CET
                                    
                                        Auction location: Warszawa, Piękna 1A street
                                    

                                        Auction code: 1041ACH042
                                    

                                    
                                        Auction turnover :
                                        1,098,800 PLN","https://desa.pl/en/art-auctions-results/aukcja-na-rzecz-uchodzcow-z-ukrainy/"
"1685315150-102","https://desa.pl/en/wyniki-aukcji-dziel-sztuki/?desa_department=&date_from=&year_from=2022&auction_kind=live","Women Prints and Multiples
                            
                            8 March 2022 7 PM CET
                                    
                                        Auction location: Warszawa, Piękna 1A street
                                    

                                        Auction code: 1048APP105
                                    

                                    
                                        Auction turnover :
                                        186,120 PLN","https://desa.pl/en/art-auctions-results/women-prints-and-multiples/"
"1685315150-103","https://desa.pl/en/wyniki-aukcji-dziel-sztuki/?desa_department=&date_from=&year_from=2022&auction_kind=live","Young Polish Artists
                            
                            7 March 2022 7 PM CET
                                    
                                        Auction location: Warszawa, ul. Piękna 1A
                                    

                                        Auction code: 1047AMS135
                                    

                                    
                                        Auction turnover :
                                        219,840 PLN","https://desa.pl/en/art-auctions-results/young-polish-artist/"
"1685315150-104","https://desa.pl/en/wyniki-aukcji-dziel-sztuki/?desa_department=&date_from=&year_from=2022&auction_kind=live","Post-War & Contemporary Art
                            
                            3 March 2022 7 PM CET
                                    
                                        Auction location: Warszawa, Piękna 1A street
                                    

                                        Auction code: 1046ASW099
                                    

                                    
                                        Auction turnover :
                                        8,849,400 PLN","https://desa.pl/en/art-auctions-results/post-war-contemporary-art-0otw/"
"1685315150-105","https://desa.pl/en/wyniki-aukcji-dziel-sztuki/?desa_department=&date_from=&year_from=2022&auction_kind=live","Art now. Curator's choice
                            
                            1 March 2022 7 PM CET
                                    
                                        Auction location: Warszawa, Piękna 1A street
                                    

                                        Auction code: 1045AMS134
                                    

                                    
                                        Auction turnover :
                                        298,680 PLN","https://desa.pl/en/art-auctions-results/art-now-curators-choice-9rza/"
"1685315150-106","https://desa.pl/en/wyniki-aukcji-dziel-sztuki/?desa_department=&date_from=&year_from=2022&auction_kind=live","Jewellery. Masterpieces of Art of 19th and 20th Century
                            
                            28 February 2022 7 PM CET
                                    
                                        Auction location: Warszawa, Piękna 1A street
                                    

                                        Auction code: 1044ABD040
                                    

                                    
                                        Auction turnover :
                                        520,080 PLN","https://desa.pl/en/art-auctions-results/jewellery-masterpieces-of-art-of-19th-and-20th-century-cjge/"
"1685315150-107","https://desa.pl/en/wyniki-aukcji-dziel-sztuki/?desa_department=&date_from=&year_from=2022&auction_kind=live","Works on Paper. 19th Century and Modern Art
                            
                            24 February 2022 7 PM CET
                                    
                                        Auction location: Warszawa, Piękna 1A street
                                    

                                        Auction code: 1041APP104
                                    

                                    
                                        Auction turnover :
                                        1,402,440 PLN","https://desa.pl/en/art-auctions-results/works-on-paper-19th-century-and-modern-art-84ed/"
"1685315150-108","https://desa.pl/en/wyniki-aukcji-dziel-sztuki/?desa_department=&date_from=&year_from=2022&auction_kind=live","Post-War & Contemporary. Works on Paper
                            
                            22 February 2022 7 PM CET
                                    
                                        Auction location: Warszawa, Piękna 1A street
                                    

                                        Auction code: 1040APP103
                                    

                                    
                                        Auction turnover :
                                        1,269,840 PLN","https://desa.pl/en/art-auctions-results/post-war-contemporary-works-on-paper/"
"1685315150-109","https://desa.pl/en/wyniki-aukcji-dziel-sztuki/?desa_department=&date_from=&year_from=2022&auction_kind=live","Roman Opalka
                            
                            17 February 2022 7 PM CET
                                    
                                        Auction location: Warszawa, Piękna 1A street
                                    

                                        Auction code: 1039MON008
                                    

                                    
                                        Auction turnover :
                                        5,575,920 PLN","https://desa.pl/en/art-auctions-results/roman-opalka/"
"1685315150-110","https://desa.pl/en/wyniki-aukcji-dziel-sztuki/?desa_department=&date_from=&year_from=2022&auction_kind=live","Street Art
                            
                            15 February 2022 7 PM CET
                                    
                                        Auction location: Warszawa, Piękna 1A street
                                    

                                        Auction code: 1038ANS032
                                    

                                    
                                        Auction turnover :
                                        94,080 PLN","https://desa.pl/en/art-auctions-results/street-art/"
"1685315150-111","https://desa.pl/en/wyniki-aukcji-dziel-sztuki/?desa_department=&date_from=&year_from=2022&auction_kind=live","Art Outlet. 19th Century and Modern Art
                            
                            10 February 2022 7 PM CET
                                    
                                        Auction location: Warszawa, Piękna 1A street
                                    

                                        Auction code: 1037WYP064
                                    

                                    
                                        Auction turnover :
                                        1,135,560 PLN","https://desa.pl/en/art-auctions-results/art-outlet-19th-century-and-modern-art-wfi8/"
"1685315150-112","https://desa.pl/en/wyniki-aukcji-dziel-sztuki/?desa_department=&date_from=&year_from=2022&auction_kind=live","Fantastical Art. Surrealism and Magic Realism
                            
                            8 February 2022 7 PM CET
                                    
                                        Auction location: Warszawa, Piękna 1A street
                                    

                                        Auction code: 1036ASW098
                                    

                                    
                                        Auction turnover :
                                        1,553,160 PLN","https://desa.pl/en/art-auctions-results/fantastical-art-surrealism-and-magic-realism/"
"1685315150-113","https://desa.pl/en/wyniki-aukcji-dziel-sztuki/?desa_department=&date_from=&year_from=2022&auction_kind=live","Young Polish Artists
                            
                            3 February 2022 7 PM CET
                                    
                                        Auction location: Warszawa, ul. Piękna 1A
                                    

                                        Auction code: 1035AMS133
                                    

                                    
                                        Auction turnover :
                                        298,200 PLN","https://desa.pl/en/art-auctions-results/mloda-sztuka-styczen/"
"1685315150-114","https://desa.pl/en/wyniki-aukcji-dziel-sztuki/?desa_department=&date_from=&year_from=2022&auction_kind=live","Zakopane. City in the mountains
                            
                            27 January 2022 7 PM CET
                                    
                                        Auction location: Warszawa, Piękna 1A street
                                    

                                        Auction code: 1034KOL026
                                    

                                    
                                        Auction turnover :
                                        1,349,400 PLN","https://desa.pl/en/art-auctions-results/zakopane-city-in-the-mountains/"
"1685315150-115","https://desa.pl/en/wyniki-aukcji-dziel-sztuki/?desa_department=&date_from=&year_from=2022&auction_kind=live","Old Masters and Modern Prints
                            
                            25 January 2022 7 PM CET
                                    
                                        Auction location: Warszawa, Piękna 1A street
                                    

                                        Auction code: 1032APP102
                                    

                                    
                                        Auction turnover :
                                        363,720 PLN","https://desa.pl/en/art-auctions-results/old-masters-and-modern-prints/"
"1685315150-116","https://desa.pl/en/wyniki-aukcji-dziel-sztuki/?desa_department=&date_from=&year_from=2022&auction_kind=live","Collectors for the museum
                            
                            24 January 2022 7 PM CET
                                    
                                        Auction location: Warszawa, Piękna 1A street
                                    

                                        Auction code: 1031ACH041
                                    

                                    
                                        Auction turnover :
                                        289,900 PLN","https://desa.pl/en/art-auctions-results/aukcja-kolekcjonerska-mnw/"
"1685315150-117","https://desa.pl/en/wyniki-aukcji-dziel-sztuki/?desa_department=&date_from=&year_from=2022&auction_kind=live","Graphc Art. Prints and Multiples. Post-War and Contemporary.
                            
                            20 January 2022 7 PM CET
                                    
                                        Auction location: Warszawa
                                    

                                        Auction code: 1028APP101
                                    

                                    
                                        Auction turnover :
                                        311,520 PLN","https://desa.pl/en/art-auctions-results/graphc-art-prints-and-multiples-post-war-and-contemporary/"
"1685315150-118","https://desa.pl/en/wyniki-aukcji-dziel-sztuki/?desa_department=&date_from=&year_from=2022&auction_kind=live","ART OUTLET. Post-War and Contemporary Art
                            
                            18 January 2022 7 PM CET
                                    
                                        Auction location: Warszawa, Piękna 1A street
                                    

                                        Auction code: 1026WYP063 
                                    

                                    
                                        Auction turnover :
                                        1,183,080 PLN","https://desa.pl/en/art-auctions-results/art-outlet-post-war-and-contemporary-art-tyb4/"
"1685315150-119","https://desa.pl/en/wyniki-aukcji-dziel-sztuki/?desa_department=&date_from=&year_from=2022&auction_kind=live","Young Polish Artists
                            
                            13 January 2022 7 PM CET
                                    
                                        Auction location: Warszawa, ul. Piękna 1A
                                    

                                        Auction code: 1024AMS132
                                    

                                    
                                        Auction turnover :
                                        370,800 PLN","https://desa.pl/en/art-auctions-results/mloda-sztuka-fulb/"
